{"1": {"Accuracy": 0.9713541666666666, "Precision": 0.9653736092577992, "Recall": 0.9244089244089245, "F1": 0.9425877870038143}, "2": {"Accuracy": 0.9886188271604938, "Precision": 0.9874505548359996, "Recall": 0.9677028218694884, "F1": 0.9752110906329211}, "3": {"Accuracy": 0.9895833333333334, "Precision": 0.9810363247863249, "Recall": 0.9881196581196582, "F1": 0.984196755625327}, "4": {"Accuracy": 0.9947916666666666, "Precision": 0.978835978835979, "Recall": 0.9970751231527094, "F1": 0.9872123943735197}, "5": {"Accuracy": 0.9855324074074074, "Precision": 0.9854448251561324, "Recall": 0.9666666666666668, "F1": 0.975339050160463}, "6": {"Accuracy": 0.9921875, "Precision": 0.9796776729559747, "Recall": 0.9900784157363104, "F1": 0.9841396512119883}, "7": {"Accuracy": 0.9917052469135803, "Precision": 0.9856071601354621, "Recall": 0.9551282051282052, "F1": 0.9631437817845584}, "8": {"Accuracy": 0.9917052469135803, "Precision": 0.9808048433048433, "Recall": 0.9902629978716934, "F1": 0.9848894025717644}, "9": {"Accuracy": 0.9921875, "Precision": 0.9818713450292398, "Recall": 0.9865530303030304, "F1": 0.9834059995052719}, "10": {"Accuracy": 0.9912229938271605, "Precision": 0.9722222222222223, "Recall": 0.9875000000000002, "F1": 0.9789293495175849}}