{"1": {"Accuracy": 0.9495563271604938, "Precision": 0.9317276486816718, "Recall": 0.8747108322738574, "F1": 0.8923925734037331}, "2": {"Accuracy": 0.9786844135802469, "Precision": 0.9480289771956438, "Recall": 0.9716889996593306, "F1": 0.9590946789962117}, "3": {"Accuracy": 0.9729938271604938, "Precision": 0.9537059152001682, "Recall": 0.9412217412217413, "F1": 0.9462916837754584}, "4": {"Accuracy": 0.9838927469135803, "Precision": 0.9512731481481481, "Recall": 0.9906136653746166, "F1": 0.9680241635874571}, "5": {"Accuracy": 0.9803240740740741, "Precision": 0.966397605401666, "Recall": 0.9638682577408068, "F1": 0.963858254960423}, "6": {"Accuracy": 0.9864969135802469, "Precision": 0.9686745503818676, "Recall": 0.9812683954518698, "F1": 0.9729506933480835}, "7": {"Accuracy": 0.9838927469135803, "Precision": 0.9600979471262491, "Recall": 0.9849987793187478, "F1": 0.9710875587023998}, "8": {"Accuracy": 0.9869791666666666, "Precision": 0.9677261396011395, "Recall": 0.986776120704692, "F1": 0.9766002898106422}, "9": {"Accuracy": 0.9708719135802469, "Precision": 0.9554809601619643, "Recall": 0.9279520870138575, "F1": 0.9404141292025785}, "10": {"Accuracy": 0.9808063271604938, "Precision": 0.9526234567901235, "Recall": 0.982585869831563, "F1": 0.9652352546872578}}