{"1": {"Accuracy": 0.9739583333333334, "Precision": 0.9218937458879988, "Recall": 0.9204476814702361, "F1": 0.9207860117419823}, "2": {"Accuracy": 0.9765625, "Precision": 0.9295177045177047, "Recall": 0.9865070127204776, "F1": 0.9525461856058955}, "3": {"Accuracy": 0.984375, "Precision": 0.9469907407407406, "Recall": 0.9910975355054302, "F1": 0.9665054482337148}, "4": {"Accuracy": 0.9782021604938271, "Precision": 0.9384920634920636, "Recall": 0.9720165613649323, "F1": 0.9519757620926246}, "5": {"Accuracy": 0.9682677469135803, "Precision": 0.8877314814814815, "Recall": 0.9823516375523215, "F1": 0.920345641250341}, "6": {"Accuracy": 0.9791666666666666, "Precision": 0.936128199286094, "Recall": 0.9777230738144428, "F1": 0.9533981876643477}, "7": {"Accuracy": 0.9708719135802469, "Precision": 0.8988696488696489, "Recall": 0.983440635444586, "F1": 0.9340418864853867}, "8": {"Accuracy": 0.9734760802469137, "Precision": 0.9022257834757835, "Recall": 0.984971684422153, "F1": 0.936487468699072}, "9": {"Accuracy": 0.9739583333333334, "Precision": 0.9176406926406927, "Recall": 0.9851433049708912, "F1": 0.946037258791022}, "10": {"Accuracy": 0.9760802469135803, "Precision": 0.9239510489510491, "Recall": 0.9863290422403722, "F1": 0.949559019039615}}