{"1": {"Accuracy": 0.9100115740740741, "Precision": 0.9438140186206807, "Recall": 0.7323249057760948, "F1": 0.7834540239885973}, "2": {"Accuracy": 0.9973958333333334, "Precision": 0.9924242424242425, "Recall": 0.9984567901234568, "F1": 0.9952529298323691}, "3": {"Accuracy": 0.9947916666666666, "Precision": 0.9928418803418803, "Recall": 0.991923076923077, "F1": 0.9921422911178519}, "4": {"Accuracy": 0.9921875, "Precision": 0.9870537958773253, "Recall": 0.9902196455505279, "F1": 0.9885533111539303}, "5": {"Accuracy": 0.9864969135802469, "Precision": 0.9848896923744949, "Recall": 0.9718540038392979, "F1": 0.9773110569241586}, "6": {"Accuracy": 0.9755979938271605, "Precision": 0.9755944658800203, "Recall": 0.9383597342373937, "F1": 0.9536887571895223}, "7": {"Accuracy": 0.9947916666666666, "Precision": 0.9924136321195145, "Recall": 0.9924136321195145, "F1": 0.9921769954773255}, "8": {"Accuracy": 0.9895833333333334, "Precision": 0.9901329198695551, "Recall": 0.9774659863945577, "F1": 0.9828877976085489}, "9": {"Accuracy": 0.9921875, "Precision": 0.9899097815764483, "Recall": 0.9838772338772338, "F1": 0.9867059212853606}, "10": {"Accuracy": 0.9881365740740741, "Precision": 0.9867424242424243, "Recall": 0.9792260208926876, "F1": 0.9814421881443897}}