 {"1": {"Accuracy": 0.9917613636363636, "Precision": 0.9873316498316497, "Recall": 0.9822811447811447, "F1": 0.9846445464136618}, "2": {"Accuracy": 0.9973958333333334, "Precision": 0.9924242424242425, "Recall": 0.9984567901234568, "F1": 0.9952529298323691}, "3": {"Accuracy": 0.9947916666666666, "Precision": 0.9814814814814815, "Recall": 0.9970238095238096, "F1": 0.9886945769298711}, "4": {"Accuracy": 0.9921875, "Precision": 0.9669312169312171, "Recall": 0.9956383415435139, "F1": 0.9800775002821038}, "5": {"Accuracy": 0.981344696969697, "Precision": 0.9354066985645932, "Recall": 0.9806542948315546, "F1": 0.9528344720497026}, "6": {"Accuracy": 0.9913352272727273, "Precision": 0.9547619047619048, "Recall": 0.9953580901856763, "F1": 0.9703977856471463}, "7": {"Accuracy": 0.9869791666666666, "Precision": 0.9863183724032781, "Recall": 0.9624685771744595, "F1": 0.972946443534679}, "8": {"Accuracy": 0.9709280303030302, "Precision": 0.9841239261798749, "Recall": 0.8705357142857144, "F1": 0.9166733167315696}, "9": {"Accuracy": 0.9921875, "Precision": 0.9763418079096046, "Recall": 0.9748243559718969, "F1": 0.9720808623629941}, "10": {"Accuracy": 0.9839488636363636, "Precision": 0.9512310606060606, "Recall": 0.982244629936423, "F1": 0.9635347517730875}}