{"1": {"Accuracy": 0.9746586510894496, "Precision": 0.9697198640552419, "Recall": 0.9764957318523789, "F1": 0.9729724829575742}, "2": {"Accuracy": 0.983504455753058, "Precision": 0.9853885382993685, "Recall": 0.9794920796334313, "F1": 0.9823337373648929}, "3": {"Accuracy": 0.983992737003058, "Precision": 0.9860725162753287, "Recall": 0.9798967712374284, "F1": 0.9829017512411111}, "4": {"Accuracy": 0.9836672161697247, "Precision": 0.9835551240213644, "Recall": 0.981680824099822, "F1": 0.9825496248733323}, "5": {"Accuracy": 0.9841554974197247, "Precision": 0.987867531229717, "Recall": 0.9783358828764449, "F1": 0.9830011747664296}, "6": {"Accuracy": 0.9856203411697247, "Precision": 0.9824166270455267, "Recall": 0.9870201615781324, "F1": 0.9846449798124404}, "7": {"Accuracy": 0.9861086224197247, "Precision": 0.9825222740533676, "Recall": 0.9881280336999437, "F1": 0.9852584905352401}, "8": {"Accuracy": 0.9857831015863914, "Precision": 0.9817503536606242, "Recall": 0.9881280336999437, "F1": 0.9848719042945214}, "9": {"Accuracy": 0.9856203411697247, "Precision": 0.9810800748004831, "Recall": 0.9885000575094676, "F1": 0.9847193105790925}, "10": {"Accuracy": 0.9857831015863914, "Precision": 0.9808239408945312, "Recall": 0.9891820722809096, "F1": 0.9849143441499534}}