{"1": {"Accuracy": 0.08159722222222222, "Precision": 0.008928571428571428, "Recall": 0.10899470899470898, "F1": 0.01642366348248701}, "2": {"Accuracy": 0.08854166666666667, "Precision": 0.009027777777777779, "Recall": 0.08518518518518518, "F1": 0.015565175565175565}, "3": {"Accuracy": 0.08159722222222222, "Precision": 0.008928571428571428, "Recall": 0.10899470899470898, "F1": 0.01642366348248701}, "4": {"Accuracy": 0.13715277777777776, "Precision": 0.015322047277692437, "Recall": 0.10899470899470898, "F1": 0.026591761286832296}, "5": {"Accuracy": 0.1909722222222222, "Precision": 0.16013338513338513, "Recall": 0.22578703703703704, "F1": 0.13451641767818237}, "6": {"Accuracy": 0.2152777777777778, "Precision": 0.18148233937449623, "Recall": 0.21716490299823635, "F1": 0.15746764446519348}, "7": {"Accuracy": 0.34375, "Precision": 0.26483465608465606, "Recall": 0.32365079365079363, "F1": 0.2665494227994228}, "8": {"Accuracy": 0.40277777777777773, "Precision": 0.4619564232064232, "Recall": 0.4252182539682539, "F1": 0.39710830291712645}, "9": {"Accuracy": 0.44965277777777773, "Precision": 0.38013999888999894, "Recall": 0.40003968253968253, "F1": 0.35923483923483923}, "10": {"Accuracy": 0.3090277777777778, "Precision": 0.300924321243649, "Recall": 0.26494047619047617, "F1": 0.23230531189083817}, "11": {"Accuracy": 0.4236111111111111, "Precision": 0.3661525511525512, "Recall": 0.4216402116402116, "F1": 0.35286221031577064}, "12": {"Accuracy": 0.4704861111111111, "Precision": 0.4720701058201058, "Recall": 0.46344576719576724, "F1": 0.4346236171236171}, "13": {"Accuracy": 0.5225694444444444, "Precision": 0.4506944444444445, "Recall": 0.4939285714285715, "F1": 0.4553856328856329}, "14": {"Accuracy": 0.44965277777777773, "Precision": 0.408562810646144, "Recall": 0.4006746031746032, "F1": 0.37804183470850133}, "15": {"Accuracy": 0.4583333333333333, "Precision": 0.46677789802789804, "Recall": 0.47968474426807756, "F1": 0.4197626626135398}, "16": {"Accuracy": 0.4791666666666667, "Precision": 0.5039880952380952, "Recall": 0.4680753968253968, "F1": 0.45349678829941986}, "17": {"Accuracy": 0.4583333333333333, "Precision": 0.4232010582010582, "Recall": 0.43670194003527335, "F1": 0.4013512413512414}, "18": {"Accuracy": 0.5434027777777778, "Precision": 0.48946729196729194, "Recall": 0.5471252204585538, "F1": 0.49119227480338595}, "19": {"Accuracy": 0.45659722222222227, "Precision": 0.3975485008818342, "Recall": 0.4896913580246913, "F1": 0.41435875852542514}, "20": {"Accuracy": 0.4548611111111111, "Precision": 0.4176086259419593, "Recall": 0.4365873015873016, "F1": 0.3909673221515327}, "21": {"Accuracy": 0.4861111111111111, "Precision": 0.4417328042328042, "Recall": 0.4616953262786596, "F1": 0.4208154372860255}, "22": {"Accuracy": 0.484375, "Precision": 0.4429324379324379, "Recall": 0.45336860670194007, "F1": 0.4201574351574351}, "23": {"Accuracy": 0.390625, "Precision": 0.46319444444444446, "Recall": 0.39331349206349203, "F1": 0.38024262379061136}, "24": {"Accuracy": 0.47222222222222227, "Precision": 0.4215601682268349, "Recall": 0.4348567019400352, "F1": 0.390088044671378}, "25": {"Accuracy": 0.5503472222222222, "Precision": 0.501492504409171, "Recall": 0.550081569664903, "F1": 0.4815441400163622}, "26": {"Accuracy": 0.4375, "Precision": 0.4115176326941033, "Recall": 0.40726190476190477, "F1": 0.3567782163370399}, "27": {"Accuracy": 0.5225694444444444, "Precision": 0.4828589466089466, "Recall": 0.5007936507936508, "F1": 0.4506275206275207}, "28": {"Accuracy": 0.5034722222222222, "Precision": 0.47013588263588274, "Recall": 0.4419422398589065, "F1": 0.4221109373560354}, "29": {"Accuracy": 0.4739583333333333, "Precision": 0.4664373897707231, "Recall": 0.40581569664903, "F1": 0.401657108323775}, "30": {"Accuracy": 0.5677083333333334, "Precision": 0.5659796376463043, "Recall": 0.591166225749559, "F1": 0.5431488264821599}, "31": {"Accuracy": 0.5885416666666666, "Precision": 0.6080291005291004, "Recall": 0.594047619047619, "F1": 0.5735706423206424}, "32": {"Accuracy": 0.5555555555555556, "Precision": 0.5494378306878307, "Recall": 0.5361111111111111, "F1": 0.5131588319088319}, "33": {"Accuracy": 0.5659722222222222, "Precision": 0.592771164021164, "Recall": 0.548611111111111, "F1": 0.5381468068968068}, "34": {"Accuracy": 0.5711805555555556, "Precision": 0.566660052910053, "Recall": 0.5534722222222223, "F1": 0.5349679487179487}, "35": {"Accuracy": 0.595486111111111, "Precision": 0.6041534391534392, "Recall": 0.5833333333333333, "F1": 0.5644968457468457}, "36": {"Accuracy": 0.579861111111111, "Precision": 0.5778968253968254, "Recall": 0.5577777777777778, "F1": 0.5361929029576088}, "37": {"Accuracy": 0.579861111111111, "Precision": 0.585472582972583, "Recall": 0.5577777777777778, "F1": 0.5362434787434788}, "38": {"Accuracy": 0.579861111111111, "Precision": 0.5737698412698412, "Recall": 0.5527777777777777, "F1": 0.5342989635636695}, "39": {"Accuracy": 0.5746527777777778, "Precision": 0.5846789321789322, "Recall": 0.5486111111111112, "F1": 0.5309705109705111}, "40": {"Accuracy": 0.5746527777777778, "Precision": 0.5763455988455989, "Recall": 0.5486111111111112, "F1": 0.5293038443038443}, "41": {"Accuracy": 0.5746527777777778, "Precision": 0.5846789321789322, "Recall": 0.5486111111111112, "F1": 0.5309705109705111}, "42": {"Accuracy": 0.579861111111111, "Precision": 0.5788455988455988, "Recall": 0.5522222222222223, "F1": 0.535092685092685}, "43": {"Accuracy": 0.5746527777777778, "Precision": 0.5846789321789322, "Recall": 0.5486111111111112, "F1": 0.5309705109705111}, "44": {"Accuracy": 0.5659722222222222, "Precision": 0.5643394260060927, "Recall": 0.5313888888888889, "F1": 0.5175085100085101}, "45": {"Accuracy": 0.5659722222222222, "Precision": 0.5654144620811287, "Recall": 0.5319444444444444, "F1": 0.515960820225526}, "46": {"Accuracy": 0.5711805555555556, "Precision": 0.5715616482283149, "Recall": 0.5333333333333333, "F1": 0.5216932141932141}, "47": {"Accuracy": 0.5555555555555556, "Precision": 0.5721172037838704, "Recall": 0.5230555555555555, "F1": 0.5108707033707033}, "48": {"Accuracy": 0.5659722222222222, "Precision": 0.5622795414462081, "Recall": 0.53, "F1": 0.5162951155598214}, "49": {"Accuracy": 0.560763888888889, "Precision": 0.5633906525573192, "Recall": 0.5258333333333333, "F1": 0.5125120467767527}, "50": {"Accuracy": 0.560763888888889, "Precision": 0.5633906525573192, "Recall": 0.5258333333333333, "F1": 0.5125120467767527}, "51": {"Accuracy": 0.560763888888889, "Precision": 0.5614462081128747, "Recall": 0.5216666666666666, "F1": 0.5132359525006583}, "52": {"Accuracy": 0.579861111111111, "Precision": 0.5863536155202821, "Recall": 0.5361728395061729, "F1": 0.5277148686462412}, "53": {"Accuracy": 0.5746527777777778, "Precision": 0.5721869488536154, "Recall": 0.534783950617284, "F1": 0.5203074612388338}, "54": {"Accuracy": 0.5694444444444444, "Precision": 0.5556128747795414, "Recall": 0.5264506172839506, "F1": 0.5140779744946412}, "55": {"Accuracy": 0.5850694444444444, "Precision": 0.586168430335097, "Recall": 0.5506172839506173, "F1": 0.535908181324848}, "56": {"Accuracy": 0.5746527777777778, "Precision": 0.5622795414462081, "Recall": 0.5306172839506174, "F1": 0.5197297301463968}, "57": {"Accuracy": 0.5746527777777778, "Precision": 0.5539462081128748, "Recall": 0.5306172839506174, "F1": 0.5180630634797302}, "58": {"Accuracy": 0.5694444444444444, "Precision": 0.5566446208112875, "Recall": 0.5264506172839506, "F1": 0.5142631596798263}, "59": {"Accuracy": 0.5746527777777778, "Precision": 0.5639462081128748, "Recall": 0.5306172839506174, "F1": 0.5206388210554878}, "60": {"Accuracy": 0.579861111111111, "Precision": 0.5744223985890652, "Recall": 0.5464506172839506, "F1": 0.5297177051343718}, "61": {"Accuracy": 0.5902777777777778, "Precision": 0.5814462081128747, "Recall": 0.5547839506172839, "F1": 0.5373210277376944}, "62": {"Accuracy": 0.5902777777777778, "Precision": 0.5831128747795414, "Recall": 0.5547839506172839, "F1": 0.5382301186467854}, "63": {"Accuracy": 0.5902777777777778,